Model,Accuracy,Precision,Recall,F1 Score,ROC AUC,True Negatives,False Positives,False Negatives,True Positives
Decision Tree,0.9993756453665682,0.9867549668874173,0.9975654290931223,0.9921307506053268,0.99890905356056,39978,22,4,1639
Random Forest,0.9998319045217684,0.998780487804878,0.996956786366403,0.997867803837953,0.9998127054169201,39998,2,5,1638
XGBoost,0.9997598636025262,0.9975624619134674,0.9963481436396835,0.9969549330085262,0.9996224893487523,39996,4,6,1637
Logistic Regression,0.9995197272050524,0.992116434202547,0.995739500912964,0.9939246658566221,0.9995447808886183,39987,13,7,1636
