Model,Accuracy,Precision,Recall,F1 Score,ROC AUC,Average Precision
Decision Tree,0.9993756453665682,0.9867549668874173,0.9975654290931223,0.9921307506053268,0.99890905356056,0.9972415128200242
