Threshold,Accuracy,Precision,Recall,F1 Score,False Positives,False Negatives,True Positives,True Negatives
0.3,0.9991355089690944,0.9808497905445841,0.9975654290931223,0.9891369945684972,32,4,1639,39968
0.4,0.9993756453665682,0.9867549668874173,0.9975654290931223,0.9921307506053268,22,4,1639,39978
0.5,0.9993756453665682,0.9867549668874173,0.9975654290931223,0.9921307506053268,22,4,1639,39978
0.6,0.9995197272050524,0.9903323262839879,0.9975654290931223,0.9939357186173439,16,4,1639,39984
0.7,0.9996397954037893,0.9933333333333333,0.9975654290931223,0.9954448830853325,11,4,1639,39989
